HOME_CODE,HOME_TEAM,DATE,TIME,AWAY_CODE,AWAY_TEAM,LOCATION,HASHTAG,TVSHEDULE,TICKETS,MATCHCENTRE,HOME_TICKETS,HOME_SHOP,HOME_TWITTER,AWAY_TICKETS,AWAY_SHOP,AWAY_TWITTER
LIV,Liverpool,8/9/19,20:00:00,NOR,Norwich City,"Anfield, Liverpool",#LIVNOR,,,,,,,,,
BOU,AFC Bournemouth,8/10/19,15:00:00,SUN,Sheffield United,"Vitality Stadium, Bournemouth",#BOUSUN,,,,,,,,,
BUR,Burnley,8/10/19,15:00:00,SOU,Southampton,"Turf Moor, Burnley",#BURSOU,,,,,,,,,
CRY,Crystal Palace,8/10/19,15:00:00,EVE,Everton,"Selhurst Park, London",#CRYEVE,,,,,,,,,
LEI,Leicester City,8/10/19,15:00:00,WOL,Wolverhampton Wanderers,"King Power Stadium, Leicester",#LEIWOL,,,,,,,,,
TOT,Tottenham Hotspur,8/10/19,17:30:00,VIL,Aston Villa,"Tottenham Hotspur Stadium, London",#TOTVIL,,,,,,,,,
WAT,Watford,8/10/19,15:00:00,BHA,Brighton and Hove Albion,"Vicarage Road, Watford",#WATBHA,,,,,,,,,
WHU,West Ham United,8/10/19,12:30:00,MCI,Manchester City,"London Stadium, London",#WHUMCI,,,,,,,,,
MUN,Manchester United,8/11/19,16:30:00,CHE,Chelsea,"Old Trafford, Manchester",#MUNCHE,,,,,,,,,
NEW,Newcastle United,8/11/19,14:00:00,ARS,Arsenal,"St. James' Park, Newcastle",#NEWARS,,,,,,,,,
ARS,Arsenal,8/17/19,15:00:00,BUR,Burnley,"Emirates Stadium, London",#ARSBUR,,,,,,,,,
VIL,Aston Villa,8/17/19,15:00:00,BOU,AFC Bournemouth,"Villa Park, Birmingham",#VILBOU,,,,,,,,,
BHA,Brighton and Hove Albion,8/17/19,15:00:00,WHU,West Ham United,"Amex Stadium, Falmer",#BHAWHU,,,,,,,,,
CHE,Chelsea,8/17/19,15:00:00,LEI,Leicester City,"Stamford Bridge, London",#CHELEI,,,,,,,,,
EVE,Everton,8/17/19,15:00:00,WAT,Watford,"Goodison Park, Liverpool",#EVEWAT,,,,,,,,,
MCI,Manchester City,8/17/19,15:00:00,TOT,Tottenham Hotspur,"Etihad Stadium, Manchester",#MCITOT,,,,,,,,,
NOR,Norwich City,8/17/19,15:00:00,NEW,Newcastle United,"Carrow Road, Norwich",#NORNEW,,,,,,,,,
SUN,Sheffield United,8/17/19,15:00:00,CRY,Crystal Palace,"Bramall Lane, Sheffield",#SUNCRY,,,,,,,,,
SOU,Southampton,8/17/19,15:00:00,LIV,Liverpool,"St. Mary's Stadium, Southampton",#SOULIV,,,,,,,,,
WOL,Wolverhampton Wanderers,8/17/19,15:00:00,MUN,Manchester United,"Molineux Stadium, Wolverhampton",#WOLMUN,,,,,,,,,
VIL,Aston Villa,8/24/19,15:00:00,EVE,Everton,"Villa Park, Birmingham",#VILEVE,,,,,,,,,
BOU,AFC Bournemouth,8/24/19,15:00:00,MCI,Manchester City,"Vitality Stadium, Bournemouth",#BOUMCI,,,,,,,,,
BHA,Brighton and Hove Albion,8/24/19,15:00:00,SOU,Southampton,"Amex Stadium, Falmer",#BHASOU,,,,,,,,,
LIV,Liverpool,8/24/19,15:00:00,ARS,Arsenal,"Anfield, Liverpool",#LIVARS,,,,,,,,,
MUN,Manchester United,8/24/19,15:00:00,CRY,Crystal Palace,"Old Trafford, Manchester",#MUNCRY,,,,,,,,,
NOR,Norwich City,8/24/19,15:00:00,CHE,Chelsea,"Carrow Road, Norwich",#NORCHE,,,,,,,,,
SUN,Sheffield United,8/24/19,15:00:00,LEI,Leicester City,"Bramall Lane, Sheffield",#SUNLEI,,,,,,,,,
TOT,Tottenham Hotspur,8/24/19,15:00:00,NEW,Newcastle United,"Tottenham Hotspur Stadium, London",#TOTNEW,,,,,,,,,
WAT,Watford,8/24/19,15:00:00,WHU,West Ham United,"Vicarage Road, Watford",#WATWHU,,,,,,,,,
WOL,Wolverhampton Wanderers,8/24/19,15:00:00,BUR,Burnley,"Molineux Stadium, Wolverhampton",#WOLBUR,,,,,,,,,
ARS,Arsenal,8/31/19,15:00:00,TOT,Tottenham Hotspur,"Emirates Stadium, London",#ARSTOT,,,,,,,,,
BUR,Burnley,8/31/19,15:00:00,LIV,Liverpool,"Turf Moor, Burnley",#BURLIV,,,,,,,,,
CHE,Chelsea,8/31/19,15:00:00,SUN,Sheffield United,"Stamford Bridge, London",#CHESUN,,,,,,,,,
CRY,Crystal Palace,8/31/19,15:00:00,VIL,Aston Villa,"Selhurst Park, London",#CRYVIL,,,,,,,,,
EVE,Everton,8/31/19,15:00:00,WOL,Wolverhampton Wanderers,"Goodison Park, Liverpool",#EVEWOL,,,,,,,,,
LEI,Leicester City,8/31/19,15:00:00,BOU,AFC Bournemouth,"King Power Stadium, Leicester",#LEIBOU,,,,,,,,,
MCI,Manchester City,8/31/19,15:00:00,BHA,Brighton and Hove Albion,"Etihad Stadium, Manchester",#MCIBHA,,,,,,,,,
NEW,Newcastle United,8/31/19,15:00:00,WAT,Watford,"St. James' Park, Newcastle",#NEWWAT,,,,,,,,,
SOU,Southampton,8/31/19,15:00:00,MUN,Manchester United,"St. Mary's Stadium, Southampton",#SOUMUN,,,,,,,,,
WHU,West Ham United,8/31/19,15:00:00,NOR,Norwich City,"London Stadium, London",#WHUNOR,,,,,,,,,
VIL,Aston Villa,9/14/19,15:00:00,WHU,West Ham United,"Villa Park, Birmingham",#VILWHU,,,,,,,,,
BOU,AFC Bournemouth,9/14/19,15:00:00,EVE,Everton,"Vitality Stadium, Bournemouth",#BOUEVE,,,,,,,,,
BHA,Brighton and Hove Albion,9/14/19,15:00:00,BUR,Burnley,"Amex Stadium, Falmer",#BHABUR,,,,,,,,,
LIV,Liverpool,9/14/19,15:00:00,NEW,Newcastle United,"Anfield, Liverpool",#LIVNEW,,,,,,,,,
MUN,Manchester United,9/14/19,15:00:00,LEI,Leicester City,"Old Trafford, Manchester",#MUNLEI,,,,,,,,,
NOR,Norwich City,9/14/19,15:00:00,MCI,Manchester City,"Carrow Road, Norwich",#NORMCI,,,,,,,,,
SUN,Sheffield United,9/14/19,15:00:00,SOU,Southampton,"Bramall Lane, Sheffield",#SUNSOU,,,,,,,,,
TOT,Tottenham Hotspur,9/14/19,15:00:00,CRY,Crystal Palace,"Tottenham Hotspur Stadium, London",#TOTCRY,,,,,,,,,
WAT,Watford,9/14/19,15:00:00,ARS,Arsenal,"Vicarage Road, Watford",#WATARS,,,,,,,,,
WOL,Wolverhampton Wanderers,9/14/19,15:00:00,CHE,Chelsea,"Molineux Stadium, Wolverhampton",#WOLCHE,,,,,,,,,
ARS,Arsenal,9/21/19,15:00:00,VIL,Aston Villa,"Emirates Stadium, London",#ARSVIL,,,,,,,,,
BUR,Burnley,9/21/19,15:00:00,NOR,Norwich City,"Turf Moor, Burnley",#BURNOR,,,,,,,,,
CHE,Chelsea,9/21/19,15:00:00,LIV,Liverpool,"Stamford Bridge, London",#CHELIV,,,,,,,,,
CRY,Crystal Palace,9/21/19,15:00:00,WOL,Wolverhampton Wanderers,"Selhurst Park, London",#CRYWOL,,,,,,,,,
EVE,Everton,9/21/19,15:00:00,SUN,Sheffield United,"Goodison Park, Liverpool",#EVESUN,,,,,,,,,
LEI,Leicester City,9/21/19,15:00:00,TOT,Tottenham Hotspur,"King Power Stadium, Leicester",#LEITOT,,,,,,,,,
MCI,Manchester City,9/21/19,15:00:00,WAT,Watford,"Etihad Stadium, Manchester",#MCIWAT,,,,,,,,,
NEW,Newcastle United,9/21/19,15:00:00,BHA,Brighton and Hove Albion,"St. James' Park, Newcastle",#NEWBHA,,,,,,,,,
SOU,Southampton,9/21/19,15:00:00,BOU,AFC Bournemouth,"St. Mary's Stadium, Southampton",#SOUBOU,,,,,,,,,
WHU,West Ham United,9/21/19,15:00:00,MUN,Manchester United,"London Stadium, London",#WHUMUN,,,,,,,,,
VIL,Aston Villa,9/28/19,15:00:00,BUR,Burnley,"Villa Park, Birmingham",#VILBUR,,,,,,,,,
BOU,AFC Bournemouth,9/28/19,15:00:00,WHU,West Ham United,"Vitality Stadium, Bournemouth",#BOUWHU,,,,,,,,,
CHE,Chelsea,9/28/19,15:00:00,BHA,Brighton and Hove Albion,"Stamford Bridge, London",#CHEBHA,,,,,,,,,
CRY,Crystal Palace,9/28/19,15:00:00,NOR,Norwich City,"Selhurst Park, London",#CRYNOR,,,,,,,,,
EVE,Everton,9/28/19,15:00:00,MCI,Manchester City,"Goodison Park, Liverpool",#EVEMCI,,,,,,,,,
LEI,Leicester City,9/28/19,15:00:00,NEW,Newcastle United,"King Power Stadium, Leicester",#LEINEW,,,,,,,,,
MUN,Manchester United,9/28/19,15:00:00,ARS,Arsenal,"Old Trafford, Manchester",#MUNARS,,,,,,,,,
SUN,Sheffield United,9/28/19,15:00:00,LIV,Liverpool,"Bramall Lane, Sheffield",#SUNLIV,,,,,,,,,
TOT,Tottenham Hotspur,9/28/19,15:00:00,SOU,Southampton,"Tottenham Hotspur Stadium, London",#TOTSOU,,,,,,,,,
WOL,Wolverhampton Wanderers,9/28/19,15:00:00,WAT,Watford,"Molineux Stadium, Wolverhampton",#WOLWAT,,,,,,,,,
ARS,Arsenal,10/5/19,15:00:00,BOU,AFC Bournemouth,"Emirates Stadium, London",#ARSBOU,,,,,,,,,
BHA,Brighton and Hove Albion,10/5/19,15:00:00,TOT,Tottenham Hotspur,"Amex Stadium, Falmer",#BHATOT,,,,,,,,,
BUR,Burnley,10/5/19,15:00:00,EVE,Everton,"Turf Moor, Burnley",#BUREVE,,,,,,,,,
LIV,Liverpool,10/5/19,15:00:00,LEI,Leicester City,"Anfield, Liverpool",#LIVLEI,,,,,,,,,
MCI,Manchester City,10/5/19,15:00:00,WOL,Wolverhampton Wanderers,"Etihad Stadium, Manchester",#MCIWOL,,,,,,,,,
NEW,Newcastle United,10/5/19,15:00:00,MUN,Manchester United,"St. James' Park, Newcastle",#NEWMUN,,,,,,,,,
NOR,Norwich City,10/5/19,15:00:00,VIL,Aston Villa,"Carrow Road, Norwich",#NORVIL,,,,,,,,,
SOU,Southampton,10/5/19,15:00:00,CHE,Chelsea,"St. Mary's Stadium, Southampton",#SOUCHE,,,,,,,,,
WAT,Watford,10/5/19,15:00:00,SUN,Sheffield United,"Vicarage Road, Watford",#WATSUN,,,,,,,,,
WHU,West Ham United,10/5/19,15:00:00,CRY,Crystal Palace,"London Stadium, London",#WHUCRY,,,,,,,,,
VIL,Aston Villa,10/19/19,15:00:00,BHA,Brighton and Hove Albion,"Villa Park, Birmingham",#VILBHA,,,,,,,,,
BOU,AFC Bournemouth,10/19/19,15:00:00,NOR,Norwich City,"Vitality Stadium, Bournemouth",#BOUNOR,,,,,,,,,
CHE,Chelsea,10/19/19,15:00:00,NEW,Newcastle United,"Stamford Bridge, London",#CHENEW,,,,,,,,,
CRY,Crystal Palace,10/19/19,15:00:00,MCI,Manchester City,"Selhurst Park, London",#CRYMCI,,,,,,,,,
EVE,Everton,10/19/19,15:00:00,WHU,West Ham United,"Goodison Park, Liverpool",#EVEWHU,,,,,,,,,
LEI,Leicester City,10/19/19,15:00:00,BUR,Burnley,"King Power Stadium, Leicester",#LEIBUR,,,,,,,,,
MUN,Manchester United,10/19/19,15:00:00,LIV,Liverpool,"Old Trafford, Manchester",#MUNLIV,,,,,,,,,
SUN,Sheffield United,10/19/19,15:00:00,ARS,Arsenal,"Bramall Lane, Sheffield",#SUNARS,,,,,,,,,
TOT,Tottenham Hotspur,10/19/19,15:00:00,WAT,Watford,"Tottenham Hotspur Stadium, London",#TOTWAT,,,,,,,,,
WOL,Wolverhampton Wanderers,10/19/19,15:00:00,SOU,Southampton,"Molineux Stadium, Wolverhampton",#WOLSOU,,,,,,,,,
ARS,Arsenal,10/26/19,15:00:00,CRY,Crystal Palace,"Emirates Stadium, London",#ARSCRY,,,,,,,,,
BHA,Brighton and Hove Albion,10/26/19,15:00:00,EVE,Everton,"Amex Stadium, Falmer",#BHAEVE,,,,,,,,,
BUR,Burnley,10/26/19,15:00:00,CHE,Chelsea,"Turf Moor, Burnley",#BURCHE,,,,,,,,,
LIV,Liverpool,10/26/19,15:00:00,TOT,Tottenham Hotspur,"Anfield, Liverpool",#LIVTOT,,,,,,,,,
MCI,Manchester City,10/26/19,15:00:00,VIL,Aston Villa,"Etihad Stadium, Manchester",#MCIVIL,,,,,,,,,
NEW,Newcastle United,10/26/19,15:00:00,WOL,Wolverhampton Wanderers,"St. James' Park, Newcastle",#NEWWOL,,,,,,,,,
NOR,Norwich City,10/26/19,15:00:00,MUN,Manchester United,"Carrow Road, Norwich",#NORMUN,,,,,,,,,
SOU,Southampton,10/26/19,15:00:00,LEI,Leicester City,"St. Mary's Stadium, Southampton",#SOULEI,,,,,,,,,
WAT,Watford,10/26/19,15:00:00,BOU,AFC Bournemouth,"Vicarage Road, Watford",#WATBOU,,,,,,,,,
WHU,West Ham United,10/26/19,15:00:00,SUN,Sheffield United,"London Stadium, London",#WHUSUN,,,,,,,,,
ARS,Arsenal,11/2/19,14:00:00,WOL,Wolverhampton Wanderers,"Emirates Stadium, London",#ARSWOL,,,,,,,,,
VIL,Aston Villa,11/2/19,14:00:00,LIV,Liverpool,"Villa Park, Birmingham",#VILLIV,,,,,,,,,
BOU,AFC Bournemouth,11/2/19,14:00:00,MUN,Manchester United,"Vitality Stadium, Bournemouth",#BOUMUN,,,,,,,,,
BHA,Brighton and Hove Albion,11/2/19,14:00:00,NOR,Norwich City,"Amex Stadium, Falmer",#BHANOR,,,,,,,,,
CRY,Crystal Palace,11/2/19,14:00:00,LEI,Leicester City,"Selhurst Park, London",#CRYLEI,,,,,,,,,
EVE,Everton,11/2/19,14:00:00,TOT,Tottenham Hotspur,"Goodison Park, Liverpool",#EVETOT,,,,,,,,,
MCI,Manchester City,11/2/19,14:00:00,SOU,Southampton,"Etihad Stadium, Manchester",#MCISOU,,,,,,,,,
SUN,Sheffield United,11/2/19,14:00:00,BUR,Burnley,"Bramall Lane, Sheffield",#SUNBUR,,,,,,,,,
WAT,Watford,11/2/19,14:00:00,CHE,Chelsea,"Vicarage Road, Watford",#WATCHE,,,,,,,,,
WHU,West Ham United,11/2/19,14:00:00,NEW,Newcastle United,"London Stadium, London",#WHUNEW,,,,,,,,,
BUR,Burnley,11/9/19,14:00:00,WHU,West Ham United,"Turf Moor, Burnley",#BURWHU,,,,,,,,,
CHE,Chelsea,11/9/19,14:00:00,CRY,Crystal Palace,"Stamford Bridge, London",#CHECRY,,,,,,,,,
LEI,Leicester City,11/9/19,14:00:00,ARS,Arsenal,"King Power Stadium, Leicester",#LEIARS,,,,,,,,,
LIV,Liverpool,11/9/19,14:00:00,MCI,Manchester City,"Anfield, Liverpool",#LIVMCI,,,,,,,,,
MUN,Manchester United,11/9/19,14:00:00,BHA,Brighton and Hove Albion,"Old Trafford, Manchester",#MUNBHA,,,,,,,,,
NEW,Newcastle United,11/9/19,14:00:00,BOU,AFC Bournemouth,"St. James' Park, Newcastle",#NEWBOU,,,,,,,,,
NOR,Norwich City,11/9/19,14:00:00,WAT,Watford,"Carrow Road, Norwich",#NORWAT,,,,,,,,,
SOU,Southampton,11/9/19,14:00:00,EVE,Everton,"St. Mary's Stadium, Southampton",#SOUEVE,,,,,,,,,
TOT,Tottenham Hotspur,11/9/19,14:00:00,SUN,Sheffield United,"Tottenham Hotspur Stadium, London",#TOTSUN,,,,,,,,,
WOL,Wolverhampton Wanderers,11/9/19,14:00:00,VIL,Aston Villa,"Molineux Stadium, Wolverhampton",#WOLVIL,,,,,,,,,
ARS,Arsenal,11/23/19,14:00:00,SOU,Southampton,"Emirates Stadium, London",#ARSSOU,,,,,,,,,
VIL,Aston Villa,11/23/19,14:00:00,NEW,Newcastle United,"Villa Park, Birmingham",#VILNEW,,,,,,,,,
BOU,AFC Bournemouth,11/23/19,14:00:00,WOL,Wolverhampton Wanderers,"Vitality Stadium, Bournemouth",#BOUWOL,,,,,,,,,
BHA,Brighton and Hove Albion,11/23/19,14:00:00,LEI,Leicester City,"Amex Stadium, Falmer",#BHALEI,,,,,,,,,
CRY,Crystal Palace,11/23/19,14:00:00,LIV,Liverpool,"Selhurst Park, London",#CRYLIV,,,,,,,,,
EVE,Everton,11/23/19,14:00:00,NOR,Norwich City,"Goodison Park, Liverpool",#EVENOR,,,,,,,,,
MCI,Manchester City,11/23/19,14:00:00,CHE,Chelsea,"Etihad Stadium, Manchester",#MCICHE,,,,,,,,,
SUN,Sheffield United,11/23/19,14:00:00,MUN,Manchester United,"Bramall Lane, Sheffield",#SUNMUN,,,,,,,,,
WAT,Watford,11/23/19,14:00:00,BUR,Burnley,"Vicarage Road, Watford",#WATBUR,,,,,,,,,
WHU,West Ham United,11/23/19,14:00:00,TOT,Tottenham Hotspur,"London Stadium, London",#WHUTOT,,,,,,,,,
BUR,Burnley,11/30/19,14:00:00,CRY,Crystal Palace,"Turf Moor, Burnley",#BURCRY,,,,,,,,,
CHE,Chelsea,11/30/19,14:00:00,WHU,West Ham United,"Stamford Bridge, London",#CHEWHU,,,,,,,,,
LEI,Leicester City,11/30/19,14:00:00,EVE,Everton,"King Power Stadium, Leicester",#LEIEVE,,,,,,,,,
LIV,Liverpool,11/30/19,14:00:00,BHA,Brighton and Hove Albion,"Anfield, Liverpool",#LIVBHA,,,,,,,,,
MUN,Manchester United,11/30/19,14:00:00,VIL,Aston Villa,"Old Trafford, Manchester",#MUNVIL,,,,,,,,,
NEW,Newcastle United,11/30/19,14:00:00,MCI,Manchester City,"St. James' Park, Newcastle",#NEWMCI,,,,,,,,,
NOR,Norwich City,11/30/19,14:00:00,ARS,Arsenal,"Carrow Road, Norwich",#NORARS,,,,,,,,,
SOU,Southampton,11/30/19,14:00:00,WAT,Watford,"St. Mary's Stadium, Southampton",#SOUWAT,,,,,,,,,
TOT,Tottenham Hotspur,11/30/19,14:00:00,BOU,AFC Bournemouth,"Tottenham Hotspur Stadium, London",#TOTBOU,,,,,,,,,
WOL,Wolverhampton Wanderers,11/30/19,14:00:00,SUN,Sheffield United,"Molineux Stadium, Wolverhampton",#WOLSUN,,,,,,,,,
ARS,Arsenal,12/3/19,18:45:00,BHA,Brighton and Hove Albion,"Emirates Stadium, London",#ARSBHA,,,,,,,,,
BUR,Burnley,12/3/19,18:45:00,MCI,Manchester City,"Turf Moor, Burnley",#BURMCI,,,,,,,,,
LEI,Leicester City,12/3/19,18:45:00,WAT,Watford,"King Power Stadium, Leicester",#LEIWAT,,,,,,,,,
MUN,Manchester United,12/3/19,19:00:00,TOT,Tottenham Hotspur,"Old Trafford, Manchester",#MUNTOT,,,,,,,,,
SUN,Sheffield United,12/3/19,18:45:00,NEW,Newcastle United,"Bramall Lane, Sheffield",#SUNNEW,,,,,,,,,
WOL,Wolverhampton Wanderers,12/3/19,18:45:00,WHU,West Ham United,"Molineux Stadium, Wolverhampton",#WOLWHU,,,,,,,,,
CHE,Chelsea,12/4/19,18:45:00,VIL,Aston Villa,"Stamford Bridge, London",#CHEVIL,,,,,,,,,
CRY,Crystal Palace,12/4/19,19:00:00,BOU,AFC Bournemouth,"Selhurst Park, London",#CRYBOU,,,,,,,,,
LIV,Liverpool,12/4/19,19:00:00,EVE,Everton,"Anfield, Liverpool",#LIVEVE,,,,,,,,,
SOU,Southampton,12/4/19,18:45:00,NOR,Norwich City,"St. Mary's Stadium, Southampton",#SOUNOR,,,,,,,,,
VIL,Aston Villa,12/7/19,14:00:00,LEI,Leicester City,"Villa Park, Birmingham",#VILLEI,,,,,,,,,
BOU,AFC Bournemouth,12/7/19,14:00:00,LIV,Liverpool,"Vitality Stadium, Bournemouth",#BOULIV,,,,,,,,,
BHA,Brighton and Hove Albion,12/7/19,14:00:00,WOL,Wolverhampton Wanderers,"Amex Stadium, Falmer",#BHAWOL,,,,,,,,,
EVE,Everton,12/7/19,14:00:00,CHE,Chelsea,"Goodison Park, Liverpool",#EVECHE,,,,,,,,,
MCI,Manchester City,12/7/19,14:00:00,MUN,Manchester United,"Etihad Stadium, Manchester",#MCIMUN,,,,,,,,,
NEW,Newcastle United,12/7/19,14:00:00,SOU,Southampton,"St. James' Park, Newcastle",#NEWSOU,,,,,,,,,
NOR,Norwich City,12/7/19,14:00:00,SUN,Sheffield United,"Carrow Road, Norwich",#NORSUN,,,,,,,,,
TOT,Tottenham Hotspur,12/7/19,14:00:00,BUR,Burnley,"Tottenham Hotspur Stadium, London",#TOTBUR,,,,,,,,,
WAT,Watford,12/7/19,14:00:00,CRY,Crystal Palace,"Vicarage Road, Watford",#WATCRY,,,,,,,,,
WHU,West Ham United,12/7/19,14:00:00,ARS,Arsenal,"London Stadium, London",#WHUARS,,,,,,,,,
ARS,Arsenal,12/14/19,14:00:00,MCI,Manchester City,"Emirates Stadium, London",#ARSMCI,,,,,,,,,
BUR,Burnley,12/14/19,14:00:00,NEW,Newcastle United,"Turf Moor, Burnley",#BURNEW,,,,,,,,,
CHE,Chelsea,12/14/19,14:00:00,BOU,AFC Bournemouth,"Stamford Bridge, London",#CHEBOU,,,,,,,,,
CRY,Crystal Palace,12/14/19,14:00:00,BHA,Brighton and Hove Albion,"Selhurst Park, London",#CRYBHA,,,,,,,,,
LEI,Leicester City,12/14/19,14:00:00,NOR,Norwich City,"King Power Stadium, Leicester",#LEINOR,,,,,,,,,
LIV,Liverpool,12/14/19,14:00:00,WAT,Watford,"Anfield, Liverpool",#LIVWAT,,,,,,,,,
MUN,Manchester United,12/14/19,14:00:00,EVE,Everton,"Old Trafford, Manchester",#MUNEVE,,,,,,,,,
SUN,Sheffield United,12/14/19,14:00:00,VIL,Aston Villa,"Bramall Lane, Sheffield",#SUNVIL,,,,,,,,,
SOU,Southampton,12/14/19,14:00:00,WHU,West Ham United,"St. Mary's Stadium, Southampton",#SOUWHU,,,,,,,,,
WOL,Wolverhampton Wanderers,12/14/19,14:00:00,TOT,Tottenham Hotspur,"Molineux Stadium, Wolverhampton",#WOLTOT,,,,,,,,,
VIL,Aston Villa,12/21/19,14:00:00,SOU,Southampton,"Villa Park, Birmingham",#VILSOU,,,,,,,,,
BOU,AFC Bournemouth,12/21/19,14:00:00,BUR,Burnley,"Vitality Stadium, Bournemouth",#BOUBUR,,,,,,,,,
BHA,Brighton and Hove Albion,12/21/19,14:00:00,SUN,Sheffield United,"Amex Stadium, Falmer",#BHASUN,,,,,,,,,
EVE,Everton,12/21/19,14:00:00,ARS,Arsenal,"Goodison Park, Liverpool",#EVEARS,,,,,,,,,
MCI,Manchester City,12/21/19,14:00:00,LEI,Leicester City,"Etihad Stadium, Manchester",#MCILEI,,,,,,,,,
NEW,Newcastle United,12/21/19,14:00:00,CRY,Crystal Palace,"St. James' Park, Newcastle",#NEWCRY,,,,,,,,,
NOR,Norwich City,12/21/19,14:00:00,WOL,Wolverhampton Wanderers,"Carrow Road, Norwich",#NORWOL,,,,,,,,,
TOT,Tottenham Hotspur,12/21/19,14:00:00,CHE,Chelsea,"Tottenham Hotspur Stadium, London",#TOTCHE,,,,,,,,,
WAT,Watford,12/21/19,14:00:00,MUN,Manchester United,"Vicarage Road, Watford",#WATMUN,,,,,,,,,
WHU,West Ham United,12/21/19,14:00:00,LIV,Liverpool,"London Stadium, London",#WHULIV,,,,,,,,,
VIL,Aston Villa,12/26/19,14:00:00,NOR,Norwich City,"Villa Park, Birmingham",#VILNOR,,,,,,,,,
BOU,AFC Bournemouth,12/26/19,14:00:00,ARS,Arsenal,"Vitality Stadium, Bournemouth",#BOUARS,,,,,,,,,
CHE,Chelsea,12/26/19,14:00:00,SOU,Southampton,"Stamford Bridge, London",#CHESOU,,,,,,,,,
CRY,Crystal Palace,12/26/19,14:00:00,WHU,West Ham United,"Selhurst Park, London",#CRYWHU,,,,,,,,,
EVE,Everton,12/26/19,14:00:00,BUR,Burnley,"Goodison Park, Liverpool",#EVEBUR,,,,,,,,,
LEI,Leicester City,12/26/19,14:00:00,LIV,Liverpool,"King Power Stadium, Leicester",#LEILIV,,,,,,,,,
MUN,Manchester United,12/26/19,14:00:00,NEW,Newcastle United,"Old Trafford, Manchester",#MUNNEW,,,,,,,,,
SUN,Sheffield United,12/26/19,14:00:00,WAT,Watford,"Bramall Lane, Sheffield",#SUNWAT,,,,,,,,,
TOT,Tottenham Hotspur,12/26/19,14:00:00,BHA,Brighton and Hove Albion,"Tottenham Hotspur Stadium, London",#TOTBHA,,,,,,,,,
WOL,Wolverhampton Wanderers,12/26/19,14:00:00,MCI,Manchester City,"Molineux Stadium, Wolverhampton",#WOLMCI,,,,,,,,,
ARS,Arsenal,12/28/19,14:00:00,CHE,Chelsea,"Emirates Stadium, London",#ARSCHE,,,,,,,,,
BHA,Brighton and Hove Albion,12/28/19,14:00:00,BOU,AFC Bournemouth,"Amex Stadium, Falmer",#BHABOU,,,,,,,,,
BUR,Burnley,12/28/19,14:00:00,MUN,Manchester United,"Turf Moor, Burnley",#BURMUN,,,,,,,,,
LIV,Liverpool,12/28/19,14:00:00,WOL,Wolverhampton Wanderers,"Anfield, Liverpool",#LIVWOL,,,,,,,,,
MCI,Manchester City,12/28/19,14:00:00,SUN,Sheffield United,"Etihad Stadium, Manchester",#MCISUN,,,,,,,,,
NEW,Newcastle United,12/28/19,14:00:00,EVE,Everton,"St. James' Park, Newcastle",#NEWEVE,,,,,,,,,
NOR,Norwich City,12/28/19,14:00:00,TOT,Tottenham Hotspur,"Carrow Road, Norwich",#NORTOT,,,,,,,,,
SOU,Southampton,12/28/19,14:00:00,CRY,Crystal Palace,"St. Mary's Stadium, Southampton",#SOUCRY,,,,,,,,,
WAT,Watford,12/28/19,14:00:00,VIL,Aston Villa,"Vicarage Road, Watford",#WATVIL,,,,,,,,,
WHU,West Ham United,12/28/19,14:00:00,LEI,Leicester City,"London Stadium, London",#WHULEI,,,,,,,,,
ARS,Arsenal,1/1/20,14:00:00,MUN,Manchester United,"Emirates Stadium, London",#ARSMUN,,,,,,,,,
BHA,Brighton and Hove Albion,1/1/20,14:00:00,CHE,Chelsea,"Amex Stadium, Falmer",#BHACHE,,,,,,,,,
BUR,Burnley,1/1/20,14:00:00,VIL,Aston Villa,"Turf Moor, Burnley",#BURVIL,,,,,,,,,
LIV,Liverpool,1/1/20,14:00:00,SUN,Sheffield United,"Anfield, Liverpool",#LIVSUN,,,,,,,,,
MCI,Manchester City,1/1/20,14:00:00,EVE,Everton,"Etihad Stadium, Manchester",#MCIEVE,,,,,,,,,
NEW,Newcastle United,1/1/20,14:00:00,LEI,Leicester City,"St. James' Park, Newcastle",#NEWLEI,,,,,,,,,
NOR,Norwich City,1/1/20,14:00:00,CRY,Crystal Palace,"Carrow Road, Norwich",#NORCRY,,,,,,,,,
SOU,Southampton,1/1/20,14:00:00,TOT,Tottenham Hotspur,"St. Mary's Stadium, Southampton",#SOUTOT,,,,,,,,,
WAT,Watford,1/1/20,14:00:00,WOL,Wolverhampton Wanderers,"Vicarage Road, Watford",#WATWOL,,,,,,,,,
WHU,West Ham United,1/1/20,14:00:00,BOU,AFC Bournemouth,"London Stadium, London",#WHUBOU,,,,,,,,,
VIL,Aston Villa,1/11/20,14:00:00,MCI,Manchester City,"Villa Park, Birmingham",#VILMCI,,,,,,,,,
BOU,AFC Bournemouth,1/11/20,14:00:00,WAT,Watford,"Vitality Stadium, Bournemouth",#BOUWAT,,,,,,,,,
CHE,Chelsea,1/11/20,14:00:00,BUR,Burnley,"Stamford Bridge, London",#CHEBUR,,,,,,,,,
CRY,Crystal Palace,1/11/20,14:00:00,ARS,Arsenal,"Selhurst Park, London",#CRYARS,,,,,,,,,
EVE,Everton,1/11/20,14:00:00,BHA,Brighton and Hove Albion,"Goodison Park, Liverpool",#EVEBHA,,,,,,,,,
LEI,Leicester City,1/11/20,14:00:00,SOU,Southampton,"King Power Stadium, Leicester",#LEISOU,,,,,,,,,
MUN,Manchester United,1/11/20,14:00:00,NOR,Norwich City,"Old Trafford, Manchester",#MUNNOR,,,,,,,,,
SUN,Sheffield United,1/11/20,14:00:00,WHU,West Ham United,"Bramall Lane, Sheffield",#SUNWHU,,,,,,,,,
TOT,Tottenham Hotspur,1/11/20,14:00:00,LIV,Liverpool,"Tottenham Hotspur Stadium, London",#TOTLIV,,,,,,,,,
WOL,Wolverhampton Wanderers,1/11/20,14:00:00,NEW,Newcastle United,"Molineux Stadium, Wolverhampton",#WOLNEW,,,,,,,,,
ARS,Arsenal,1/18/20,14:00:00,SUN,Sheffield United,"Emirates Stadium, London",#ARSSUN,,,,,,,,,
BHA,Brighton and Hove Albion,1/18/20,14:00:00,VIL,Aston Villa,"Amex Stadium, Falmer",#BHAVIL,,,,,,,,,
BUR,Burnley,1/18/20,14:00:00,LEI,Leicester City,"Turf Moor, Burnley",#BURLEI,,,,,,,,,
LIV,Liverpool,1/18/20,14:00:00,MUN,Manchester United,"Anfield, Liverpool",#LIVMUN,,,,,,,,,
MCI,Manchester City,1/18/20,14:00:00,CRY,Crystal Palace,"Etihad Stadium, Manchester",#MCICRY,,,,,,,,,
NEW,Newcastle United,1/18/20,14:00:00,CHE,Chelsea,"St. James' Park, Newcastle",#NEWCHE,,,,,,,,,
NOR,Norwich City,1/18/20,14:00:00,BOU,AFC Bournemouth,"Carrow Road, Norwich",#NORBOU,,,,,,,,,
SOU,Southampton,1/18/20,14:00:00,WOL,Wolverhampton Wanderers,"St. Mary's Stadium, Southampton",#SOUWOL,,,,,,,,,
WAT,Watford,1/18/20,14:00:00,TOT,Tottenham Hotspur,"Vicarage Road, Watford",#WATTOT,,,,,,,,,
WHU,West Ham United,1/18/20,14:00:00,EVE,Everton,"London Stadium, London",#WHUEVE,,,,,,,,,
VIL,Aston Villa,1/21/20,18:45:00,WAT,Watford,"Villa Park, Birmingham",#VILWAT,,,,,,,,,
BOU,AFC Bournemouth,1/21/20,18:45:00,BHA,Brighton and Hove Albion,"Vitality Stadium, Bournemouth",#BOUBHA,,,,,,,,,
EVE,Everton,1/21/20,18:45:00,NEW,Newcastle United,"Goodison Park, Liverpool",#EVENEW,,,,,,,,,
LEI,Leicester City,1/21/20,18:45:00,WHU,West Ham United,"King Power Stadium, Leicester",#LEIWHU,,,,,,,,,
MUN,Manchester United,1/21/20,19:00:00,BUR,Burnley,"Old Trafford, Manchester",#MUNBUR,,,,,,,,,
SUN,Sheffield United,1/21/20,18:45:00,MCI,Manchester City,"Bramall Lane, Sheffield",#SUNMCI,,,,,,,,,
WOL,Wolverhampton Wanderers,1/21/20,18:45:00,LIV,Liverpool,"Molineux Stadium, Wolverhampton",#WOLLIV,,,,,,,,,
CHE,Chelsea,1/22/20,18:45:00,ARS,Arsenal,"Stamford Bridge, London",#CHEARS,,,,,,,,,
CRY,Crystal Palace,1/22/20,19:00:00,SOU,Southampton,"Selhurst Park, London",#CRYSOU,,,,,,,,,
TOT,Tottenham Hotspur,1/22/20,18:45:00,NOR,Norwich City,"Tottenham Hotspur Stadium, London",#TOTNOR,,,,,,,,,
BOU,AFC Bournemouth,2/1/20,14:00:00,VIL,Aston Villa,"Vitality Stadium, Bournemouth",#BOUVIL,,,,,,,,,
BUR,Burnley,2/1/20,14:00:00,ARS,Arsenal,"Turf Moor, Burnley",#BURARS,,,,,,,,,
CRY,Crystal Palace,2/1/20,14:00:00,SUN,Sheffield United,"Selhurst Park, London",#CRYSUN,,,,,,,,,
LEI,Leicester City,2/1/20,14:00:00,CHE,Chelsea,"King Power Stadium, Leicester",#LEICHE,,,,,,,,,
LIV,Liverpool,2/1/20,14:00:00,SOU,Southampton,"Anfield, Liverpool",#LIVSOU,,,,,,,,,
MUN,Manchester United,2/1/20,14:00:00,WOL,Wolverhampton Wanderers,"Old Trafford, Manchester",#MUNWOL,,,,,,,,,
NEW,Newcastle United,2/1/20,14:00:00,NOR,Norwich City,"St. James' Park, Newcastle",#NEWNOR,,,,,,,,,
TOT,Tottenham Hotspur,2/1/20,14:00:00,MCI,Manchester City,"Tottenham Hotspur Stadium, London",#TOTMCI,,,,,,,,,
WAT,Watford,2/1/20,14:00:00,EVE,Everton,"Vicarage Road, Watford",#WATEVE,,,,,,,,,
WHU,West Ham United,2/1/20,14:00:00,BHA,Brighton and Hove Albion,"London Stadium, London",#WHUBHA,,,,,,,,,
ARS,Arsenal,2/8/20,14:00:00,NEW,Newcastle United,"Emirates Stadium, London",#ARSNEW,,,,,,,,,
VIL,Aston Villa,2/8/20,14:00:00,TOT,Tottenham Hotspur,"Villa Park, Birmingham",#VILTOT,,,,,,,,,
BHA,Brighton and Hove Albion,2/8/20,14:00:00,WAT,Watford,"Amex Stadium, Falmer",#BHAWAT,,,,,,,,,
CHE,Chelsea,2/8/20,14:00:00,MUN,Manchester United,"Stamford Bridge, London",#CHEMUN,,,,,,,,,
EVE,Everton,2/8/20,14:00:00,CRY,Crystal Palace,"Goodison Park, Liverpool",#EVECRY,,,,,,,,,
MCI,Manchester City,2/8/20,14:00:00,WHU,West Ham United,"Etihad Stadium, Manchester",#MCIWHU,,,,,,,,,
NOR,Norwich City,2/8/20,14:00:00,LIV,Liverpool,"Carrow Road, Norwich",#NORLIV,,,,,,,,,
SUN,Sheffield United,2/8/20,14:00:00,BOU,AFC Bournemouth,"Bramall Lane, Sheffield",#SUNBOU,,,,,,,,,
SOU,Southampton,2/8/20,14:00:00,BUR,Burnley,"St. Mary's Stadium, Southampton",#SOUBUR,,,,,,,,,
WOL,Wolverhampton Wanderers,2/8/20,14:00:00,LEI,Leicester City,"Molineux Stadium, Wolverhampton",#WOLLEI,,,,,,,,,
ARS,Arsenal,2/22/20,14:00:00,EVE,Everton,"Emirates Stadium, London",#ARSEVE,,,,,,,,,
BUR,Burnley,2/22/20,14:00:00,BOU,AFC Bournemouth,"Turf Moor, Burnley",#BURBOU,,,,,,,,,
CHE,Chelsea,2/22/20,14:00:00,TOT,Tottenham Hotspur,"Stamford Bridge, London",#CHETOT,,,,,,,,,
CRY,Crystal Palace,2/22/20,14:00:00,NEW,Newcastle United,"Selhurst Park, London",#CRYNEW,,,,,,,,,
LEI,Leicester City,2/22/20,14:00:00,MCI,Manchester City,"King Power Stadium, Leicester",#LEIMCI,,,,,,,,,
LIV,Liverpool,2/22/20,14:00:00,WHU,West Ham United,"Anfield, Liverpool",#LIVWHU,,,,,,,,,
MUN,Manchester United,2/22/20,14:00:00,WAT,Watford,"Old Trafford, Manchester",#MUNWAT,,,,,,,,,
SUN,Sheffield United,2/22/20,14:00:00,BHA,Brighton and Hove Albion,"Bramall Lane, Sheffield",#SUNBHA,,,,,,,,,
SOU,Southampton,2/22/20,14:00:00,VIL,Aston Villa,"St. Mary's Stadium, Southampton",#SOUVIL,,,,,,,,,
WOL,Wolverhampton Wanderers,2/22/20,14:00:00,NOR,Norwich City,"Molineux Stadium, Wolverhampton",#WOLNOR,,,,,,,,,
VIL,Aston Villa,2/29/20,14:00:00,SUN,Sheffield United,"Villa Park, Birmingham",#VILSUN,,,,,,,,,
BOU,AFC Bournemouth,2/29/20,14:00:00,CHE,Chelsea,"Vitality Stadium, Bournemouth",#BOUCHE,,,,,,,,,
BHA,Brighton and Hove Albion,2/29/20,14:00:00,CRY,Crystal Palace,"Amex Stadium, Falmer",#BHACRY,,,,,,,,,
EVE,Everton,2/29/20,14:00:00,MUN,Manchester United,"Goodison Park, Liverpool",#EVEMUN,,,,,,,,,
MCI,Manchester City,2/29/20,14:00:00,ARS,Arsenal,"Etihad Stadium, Manchester",#MCIARS,,,,,,,,,
NEW,Newcastle United,2/29/20,14:00:00,BUR,Burnley,"St. James' Park, Newcastle",#NEWBUR,,,,,,,,,
NOR,Norwich City,2/29/20,14:00:00,LEI,Leicester City,"Carrow Road, Norwich",#NORLEI,,,,,,,,,
TOT,Tottenham Hotspur,2/29/20,14:00:00,WOL,Wolverhampton Wanderers,"Tottenham Hotspur Stadium, London",#TOTWOL,,,,,,,,,
WAT,Watford,2/29/20,14:00:00,LIV,Liverpool,"Vicarage Road, Watford",#WATLIV,,,,,,,,,
WHU,West Ham United,2/29/20,14:00:00,SOU,Southampton,"London Stadium, London",#WHUSOU,,,,,,,,,
ARS,Arsenal,3/7/20,14:00:00,WHU,West Ham United,"Emirates Stadium, London",#ARSWHU,,,,,,,,,
BUR,Burnley,3/7/20,14:00:00,TOT,Tottenham Hotspur,"Turf Moor, Burnley",#BURTOT,,,,,,,,,
CHE,Chelsea,3/7/20,14:00:00,EVE,Everton,"Stamford Bridge, London",#CHEEVE,,,,,,,,,
CRY,Crystal Palace,3/7/20,14:00:00,WAT,Watford,"Selhurst Park, London",#CRYWAT,,,,,,,,,
LEI,Leicester City,3/7/20,14:00:00,VIL,Aston Villa,"King Power Stadium, Leicester",#LEIVIL,,,,,,,,,
LIV,Liverpool,3/7/20,14:00:00,BOU,AFC Bournemouth,"Anfield, Liverpool",#LIVBOU,,,,,,,,,
MUN,Manchester United,3/7/20,14:00:00,MCI,Manchester City,"Old Trafford, Manchester",#MUNMCI,,,,,,,,,
SUN,Sheffield United,3/7/20,14:00:00,NOR,Norwich City,"Bramall Lane, Sheffield",#SUNNOR,,,,,,,,,
SOU,Southampton,3/7/20,14:00:00,NEW,Newcastle United,"St. Mary's Stadium, Southampton",#SOUNEW,,,,,,,,,
WOL,Wolverhampton Wanderers,3/7/20,14:00:00,BHA,Brighton and Hove Albion,"Molineux Stadium, Wolverhampton",#WOLBHA,,,,,,,,,
VIL,Aston Villa,3/14/20,14:00:00,CHE,Chelsea,"Villa Park, Birmingham",#VILCHE,,,,,,,,,
BOU,AFC Bournemouth,3/14/20,14:00:00,CRY,Crystal Palace,"Vitality Stadium, Bournemouth",#BOUCRY,,,,,,,,,
BHA,Brighton and Hove Albion,3/14/20,14:00:00,ARS,Arsenal,"Amex Stadium, Falmer",#BHAARS,,,,,,,,,
EVE,Everton,3/14/20,14:00:00,LIV,Liverpool,"Goodison Park, Liverpool",#EVELIV,,,,,,,,,
MCI,Manchester City,3/14/20,14:00:00,BUR,Burnley,"Etihad Stadium, Manchester",#MCIBUR,,,,,,,,,
NEW,Newcastle United,3/14/20,14:00:00,SUN,Sheffield United,"St. James' Park, Newcastle",#NEWSUN,,,,,,,,,
NOR,Norwich City,3/14/20,14:00:00,SOU,Southampton,"Carrow Road, Norwich",#NORSOU,,,,,,,,,
TOT,Tottenham Hotspur,3/14/20,14:00:00,MUN,Manchester United,"Tottenham Hotspur Stadium, London",#TOTMUN,,,,,,,,,
WAT,Watford,3/14/20,14:00:00,LEI,Leicester City,"Vicarage Road, Watford",#WATLEI,,,,,,,,,
WHU,West Ham United,3/14/20,14:00:00,WOL,Wolverhampton Wanderers,"London Stadium, London",#WHUWOL,,,,,,,,,
BUR,Burnley,3/21/20,14:00:00,WAT,Watford,"Turf Moor, Burnley",#BURWAT,,,,,,,,,
CHE,Chelsea,3/21/20,14:00:00,MCI,Manchester City,"Stamford Bridge, London",#CHEMCI,,,,,,,,,
LEI,Leicester City,3/21/20,14:00:00,BHA,Brighton and Hove Albion,"King Power Stadium, Leicester",#LEIBHA,,,,,,,,,
LIV,Liverpool,3/21/20,14:00:00,CRY,Crystal Palace,"Anfield, Liverpool",#LIVCRY,,,,,,,,,
MUN,Manchester United,3/21/20,14:00:00,SUN,Sheffield United,"Old Trafford, Manchester",#MUNSUN,,,,,,,,,
NEW,Newcastle United,3/21/20,14:00:00,VIL,Aston Villa,"St. James' Park, Newcastle",#NEWVIL,,,,,,,,,
NOR,Norwich City,3/21/20,14:00:00,EVE,Everton,"Carrow Road, Norwich",#NOREVE,,,,,,,,,
SOU,Southampton,3/21/20,14:00:00,ARS,Arsenal,"St. Mary's Stadium, Southampton",#SOUARS,,,,,,,,,
TOT,Tottenham Hotspur,3/21/20,14:00:00,WHU,West Ham United,"Tottenham Hotspur Stadium, London",#TOTWHU,,,,,,,,,
WOL,Wolverhampton Wanderers,3/21/20,14:00:00,BOU,AFC Bournemouth,"Molineux Stadium, Wolverhampton",#WOLBOU,,,,,,,,,
ARS,Arsenal,4/4/20,15:00:00,NOR,Norwich City,"Emirates Stadium, London",#ARSNOR,,,,,,,,,
VIL,Aston Villa,4/4/20,15:00:00,WOL,Wolverhampton Wanderers,"Villa Park, Birmingham",#VILWOL,,,,,,,,,
BOU,AFC Bournemouth,4/4/20,15:00:00,NEW,Newcastle United,"Vitality Stadium, Bournemouth",#BOUNEW,,,,,,,,,
BHA,Brighton and Hove Albion,4/4/20,15:00:00,MUN,Manchester United,"Amex Stadium, Falmer",#BHAMUN,,,,,,,,,
CRY,Crystal Palace,4/4/20,15:00:00,BUR,Burnley,"Selhurst Park, London",#CRYBUR,,,,,,,,,
EVE,Everton,4/4/20,15:00:00,LEI,Leicester City,"Goodison Park, Liverpool",#EVELEI,,,,,,,,,
MCI,Manchester City,4/4/20,15:00:00,LIV,Liverpool,"Etihad Stadium, Manchester",#MCILIV,,,,,,,,,
SUN,Sheffield United,4/4/20,15:00:00,TOT,Tottenham Hotspur,"Bramall Lane, Sheffield",#SUNTOT,,,,,,,,,
WAT,Watford,4/4/20,15:00:00,SOU,Southampton,"Vicarage Road, Watford",#WATSOU,,,,,,,,,
WHU,West Ham United,4/4/20,15:00:00,CHE,Chelsea,"London Stadium, London",#WHUCHE,,,,,,,,,
BUR,Burnley,4/11/20,15:00:00,SUN,Sheffield United,"Turf Moor, Burnley",#BURSUN,,,,,,,,,
CHE,Chelsea,4/11/20,15:00:00,WAT,Watford,"Stamford Bridge, London",#CHEWAT,,,,,,,,,
LEI,Leicester City,4/11/20,15:00:00,CRY,Crystal Palace,"King Power Stadium, Leicester",#LEICRY,,,,,,,,,
LIV,Liverpool,4/11/20,15:00:00,VIL,Aston Villa,"Anfield, Liverpool",#LIVVIL,,,,,,,,,
MUN,Manchester United,4/11/20,15:00:00,BOU,AFC Bournemouth,"Old Trafford, Manchester",#MUNBOU,,,,,,,,,
NEW,Newcastle United,4/11/20,15:00:00,WHU,West Ham United,"St. James' Park, Newcastle",#NEWWHU,,,,,,,,,
NOR,Norwich City,4/11/20,15:00:00,BHA,Brighton and Hove Albion,"Carrow Road, Norwich",#NORBHA,,,,,,,,,
SOU,Southampton,4/11/20,15:00:00,MCI,Manchester City,"St. Mary's Stadium, Southampton",#SOUMCI,,,,,,,,,
TOT,Tottenham Hotspur,4/11/20,15:00:00,EVE,Everton,"Tottenham Hotspur Stadium, London",#TOTEVE,,,,,,,,,
WOL,Wolverhampton Wanderers,4/11/20,15:00:00,ARS,Arsenal,"Molineux Stadium, Wolverhampton",#WOLARS,,,,,,,,,
ARS,Arsenal,4/18/20,15:00:00,LEI,Leicester City,"Emirates Stadium, London",#ARSLEI,,,,,,,,,
VIL,Aston Villa,4/18/20,15:00:00,MUN,Manchester United,"Villa Park, Birmingham",#VILMUN,,,,,,,,,
BOU,AFC Bournemouth,4/18/20,15:00:00,TOT,Tottenham Hotspur,"Vitality Stadium, Bournemouth",#BOUTOT,,,,,,,,,
BHA,Brighton and Hove Albion,4/18/20,15:00:00,LIV,Liverpool,"Amex Stadium, Falmer",#BHALIV,,,,,,,,,
CRY,Crystal Palace,4/18/20,15:00:00,CHE,Chelsea,"Selhurst Park, London",#CRYCHE,,,,,,,,,
EVE,Everton,4/18/20,15:00:00,SOU,Southampton,"Goodison Park, Liverpool",#EVESOU,,,,,,,,,
MCI,Manchester City,4/18/20,15:00:00,NEW,Newcastle United,"Etihad Stadium, Manchester",#MCINEW,,,,,,,,,
SUN,Sheffield United,4/18/20,15:00:00,WOL,Wolverhampton Wanderers,"Bramall Lane, Sheffield",#SUNWOL,,,,,,,,,
WAT,Watford,4/18/20,15:00:00,NOR,Norwich City,"Vicarage Road, Watford",#WATNOR,,,,,,,,,
WHU,West Ham United,4/18/20,15:00:00,BUR,Burnley,"London Stadium, London",#WHUBUR,,,,,,,,,
VIL,Aston Villa,4/25/20,15:00:00,CRY,Crystal Palace,"Villa Park, Birmingham",#VILCRY,,,,,,,,,
BOU,AFC Bournemouth,4/25/20,15:00:00,LEI,Leicester City,"Vitality Stadium, Bournemouth",#BOULEI,,,,,,,,,
BHA,Brighton and Hove Albion,4/25/20,15:00:00,MCI,Manchester City,"Amex Stadium, Falmer",#BHAMCI,,,,,,,,,
LIV,Liverpool,4/25/20,15:00:00,BUR,Burnley,"Anfield, Liverpool",#LIVBUR,,,,,,,,,
MUN,Manchester United,4/25/20,15:00:00,SOU,Southampton,"Old Trafford, Manchester",#MUNSOU,,,,,,,,,
NOR,Norwich City,4/25/20,15:00:00,WHU,West Ham United,"Carrow Road, Norwich",#NORWHU,,,,,,,,,
SUN,Sheffield United,4/25/20,15:00:00,CHE,Chelsea,"Bramall Lane, Sheffield",#SUNCHE,,,,,,,,,
TOT,Tottenham Hotspur,4/25/20,15:00:00,ARS,Arsenal,"Tottenham Hotspur Stadium, London",#TOTARS,,,,,,,,,
WAT,Watford,4/25/20,15:00:00,NEW,Newcastle United,"Vicarage Road, Watford",#WATNEW,,,,,,,,,
WOL,Wolverhampton Wanderers,4/25/20,15:00:00,EVE,Everton,"Molineux Stadium, Wolverhampton",#WOLEVE,,,,,,,,,
ARS,Arsenal,5/2/20,15:00:00,LIV,Liverpool,"Emirates Stadium, London",#ARSLIV,,,,,,,,,
BUR,Burnley,5/2/20,15:00:00,WOL,Wolverhampton Wanderers,"Turf Moor, Burnley",#BURWOL,,,,,,,,,
CHE,Chelsea,5/2/20,15:00:00,NOR,Norwich City,"Stamford Bridge, London",#CHENOR,,,,,,,,,
CRY,Crystal Palace,5/2/20,15:00:00,MUN,Manchester United,"Selhurst Park, London",#CRYMUN,,,,,,,,,
EVE,Everton,5/2/20,15:00:00,VIL,Aston Villa,"Goodison Park, Liverpool",#EVEVIL,,,,,,,,,
LEI,Leicester City,5/2/20,15:00:00,SUN,Sheffield United,"King Power Stadium, Leicester",#LEISUN,,,,,,,,,
MCI,Manchester City,5/2/20,15:00:00,BOU,AFC Bournemouth,"Etihad Stadium, Manchester",#MCIBOU,,,,,,,,,
NEW,Newcastle United,5/2/20,15:00:00,TOT,Tottenham Hotspur,"St. James' Park, Newcastle",#NEWTOT,,,,,,,,,
SOU,Southampton,5/2/20,15:00:00,BHA,Brighton and Hove Albion,"St. Mary's Stadium, Southampton",#SOUBHA,,,,,,,,,
WHU,West Ham United,5/2/20,15:00:00,WAT,Watford,"London Stadium, London",#WHUWAT,,,,,,,,,
VIL,Aston Villa,5/9/20,15:00:00,ARS,Arsenal,"Villa Park, Birmingham",#VILARS,,,,,,,,,
BOU,AFC Bournemouth,5/9/20,15:00:00,SOU,Southampton,"Vitality Stadium, Bournemouth",#BOUSOU,,,,,,,,,
BHA,Brighton and Hove Albion,5/9/20,15:00:00,NEW,Newcastle United,"Amex Stadium, Falmer",#BHANEW,,,,,,,,,
LIV,Liverpool,5/9/20,15:00:00,CHE,Chelsea,"Anfield, Liverpool",#LIVCHE,,,,,,,,,
MUN,Manchester United,5/9/20,15:00:00,WHU,West Ham United,"Old Trafford, Manchester",#MUNWHU,,,,,,,,,
NOR,Norwich City,5/9/20,15:00:00,BUR,Burnley,"Carrow Road, Norwich",#NORBUR,,,,,,,,,
SUN,Sheffield United,5/9/20,15:00:00,EVE,Everton,"Bramall Lane, Sheffield",#SUNEVE,,,,,,,,,
TOT,Tottenham Hotspur,5/9/20,15:00:00,LEI,Leicester City,"Tottenham Hotspur Stadium, London",#TOTLEI,,,,,,,,,
WAT,Watford,5/9/20,15:00:00,MCI,Manchester City,"Vicarage Road, Watford",#WATMCI,,,,,,,,,
WOL,Wolverhampton Wanderers,5/9/20,15:00:00,CRY,Crystal Palace,"Molineux Stadium, Wolverhampton",#WOLCRY,,,,,,,,,
ARS,Arsenal,5/17/20,15:00:00,WAT,Watford,"Emirates Stadium, London",#ARSWAT,,,,,,,,,
BUR,Burnley,5/17/20,15:00:00,BHA,Brighton and Hove Albion,"Turf Moor, Burnley",#BURBHA,,,,,,,,,
CHE,Chelsea,5/17/20,15:00:00,WOL,Wolverhampton Wanderers,"Stamford Bridge, London",#CHEWOL,,,,,,,,,
CRY,Crystal Palace,5/17/20,15:00:00,TOT,Tottenham Hotspur,"Selhurst Park, London",#CRYTOT,,,,,,,,,
EVE,Everton,5/17/20,15:00:00,BOU,AFC Bournemouth,"Goodison Park, Liverpool",#EVEBOU,,,,,,,,,
LEI,Leicester City,5/17/20,15:00:00,MUN,Manchester United,"King Power Stadium, Leicester",#LEIMUN,,,,,,,,,
MCI,Manchester City,5/17/20,15:00:00,NOR,Norwich City,"Etihad Stadium, Manchester",#MCINOR,,,,,,,,,
NEW,Newcastle United,5/17/20,15:00:00,LIV,Liverpool,"St. James' Park, Newcastle",#NEWLIV,,,,,,,,,
SOU,Southampton,5/17/20,15:00:00,SUN,Sheffield United,"St. Mary's Stadium, Southampton",#SOUSUN,,,,,,,,,
WHU,West Ham United,5/17/20,15:00:00,VIL,Aston Villa,"London Stadium, London",#WHUVIL,,,,,,,,,
,,,,,,,,,,,,,,,,
,,,,,,,,,,,,,,,,